frame,x1,y1,x2,y2
frame_000004.jpg,347,0,359,5
frame_000006.jpg,340,0,360,16
frame_000008.jpg,341,13,359,26
frame_000010.jpg,339,23,360,38
frame_000012.jpg,339,36,358,47
frame_000014.jpg,340,47,357,61
frame_000016.jpg,340,58,355,71
frame_000018.jpg,340,67,355,84
frame_000018.jpg,341,0,356,5
frame_000018.jpg,271,0,285,8
frame_000020.jpg,337,79,354,97
frame_000020.jpg,338,0,356,12
frame_000020.jpg,268,0,301,16
frame_000022.jpg,339,91,353,108
frame_000022.jpg,269,4,284,23
frame_000022.jpg,337,0,353,15
frame_000022.jpg,286,0,300,11
frame_000024.jpg,338,103,353,120
frame_000024.jpg,269,12,284,33
frame_000024.jpg,338,5,353,20
frame_000024.jpg,286,4,299,17
frame_000026.jpg,336,117,355,130
frame_000026.jpg,266,22,284,39
frame_000026.jpg,284,11,301,22
frame_000026.jpg,336,10,355,24
frame_000026.jpg,352,0,368,4
frame_000026.jpg,271,0,283,5
frame_000028.jpg,338,128,353,143
frame_000028.jpg,269,31,282,48
frame_000028.jpg,286,18,299,29
frame_000028.jpg,337,17,352,31
frame_000028.jpg,271,0,285,12
frame_000030.jpg,337,140,351,156
frame_000030.jpg,268,39,283,58
frame_000030.jpg,285,24,300,35
frame_000030.jpg,337,21,352,35
frame_000030.jpg,348,7,367,19
frame_000030.jpg,271,0,299,18
frame_000032.jpg,335,151,351,169
frame_000032.jpg,267,48,283,68
frame_000032.jpg,284,30,299,43
frame_000032.jpg,335,15,369,44
frame_000032.jpg,271,0,299,28
frame_000034.jpg,337,165,350,180
frame_000034.jpg,267,58,282,75
frame_000034.jpg,285,38,298,49
frame_000034.jpg,336,34,351,47
frame_000034.jpg,350,28,358,35
frame_000034.jpg,271,10,297,33
frame_000034.jpg,268,0,280,7
frame_000036.jpg,335,177,353,193
frame_000036.jpg,264,67,284,85
frame_000036.jpg,331,32,369,54
frame_000036.jpg,265,0,301,56
frame_000038.jpg,335,189,351,208
frame_000038.jpg,265,75,282,94
frame_000038.jpg,283,50,298,63
frame_000038.jpg,333,41,369,59
frame_000038.jpg,269,23,291,48
frame_000038.jpg,268,4,285,20
frame_000040.jpg,336,202,349,219
frame_000040.jpg,265,84,282,103
frame_000040.jpg,333,51,365,65
frame_000040.jpg,269,31,299,69
frame_000040.jpg,269,12,286,27
frame_000040.jpg,268,0,279,6
frame_000042.jpg,336,215,349,232
frame_000042.jpg,265,94,280,111
frame_000042.jpg,333,58,362,71
frame_000042.jpg,271,38,297,77
frame_000042.jpg,270,20,285,33
frame_000042.jpg,301,0,313,6
frame_000042.jpg,267,0,279,12
frame_000044.jpg,331,226,352,245
frame_000044.jpg,262,103,284,122
frame_000044.jpg,329,63,369,81
frame_000044.jpg,267,44,302,85
frame_000044.jpg,267,26,288,42
frame_000044.jpg,296,0,321,15
frame_000044.jpg,264,0,281,21
frame_000046.jpg,332,239,348,259
frame_000046.jpg,264,111,281,132
frame_000046.jpg,330,68,369,93
frame_000046.jpg,269,52,298,92
frame_000046.jpg,271,33,287,49
frame_000046.jpg,265,3,279,30
frame_000046.jpg,299,2,319,27
frame_000048.jpg,335,255,347,272
frame_000048.jpg,264,122,278,141
frame_000048.jpg,281,87,296,101
frame_000048.jpg,331,75,348,90
frame_000048.jpg,270,61,283,86
frame_000048.jpg,271,41,286,54
frame_000048.jpg,266,13,277,36
frame_000050.jpg,333,269,346,284
frame_000050.jpg,265,133,278,150
frame_000050.jpg,349,99,358,106
frame_000050.jpg,331,83,346,96
frame_000050.jpg,270,69,283,94
frame_000050.jpg,272,48,287,60
frame_000050.jpg,265,23,276,44
frame_000052.jpg,331,281,347,299
frame_000052.jpg,263,140,279,160
frame_000052.jpg,347,105,368,121
frame_000052.jpg,279,103,298,121
frame_000052.jpg,329,87,347,104
frame_000052.jpg,269,77,285,102
frame_000052.jpg,271,55,289,69
frame_000052.jpg,299,32,317,54
frame_000052.jpg,263,30,277,54
frame_000054.jpg,333,295,346,314
frame_000054.jpg,264,151,279,170
frame_000054.jpg,349,116,366,131
frame_000054.jpg,281,111,296,133
frame_000054.jpg,329,96,346,109
frame_000054.jpg,269,86,284,110
frame_000054.jpg,273,63,288,76
frame_000054.jpg,299,43,318,64
frame_000054.jpg,264,39,275,61
frame_000056.jpg,331,308,346,326
frame_000056.jpg,263,161,279,180
frame_000056.jpg,347,124,368,141
frame_000056.jpg,278,119,297,145
frame_000056.jpg,328,101,347,117
frame_000056.jpg,269,93,285,120
frame_000056.jpg,272,71,289,85
frame_000056.jpg,299,69,308,75
frame_000056.jpg,303,52,314,66
frame_000056.jpg,262,47,275,72
frame_000056.jpg,356,0,371,5
frame_000058.jpg,329,322,350,341
frame_000058.jpg,259,171,281,190
frame_000058.jpg,345,134,369,151
frame_000058.jpg,324,109,349,124
frame_000058.jpg,265,102,300,156
frame_000058.jpg,258,56,321,91
frame_000058.jpg,347,0,377,11
frame_000060.jpg,329,336,345,353
frame_000060.jpg,262,180,279,201
frame_000060.jpg,348,143,367,161
frame_000060.jpg,278,135,297,158
frame_000060.jpg,326,115,346,132
frame_000060.jpg,267,111,284,137
frame_000060.jpg,274,84,292,100
frame_000060.jpg,298,73,318,96
frame_000060.jpg,261,64,275,90
frame_000060.jpg,349,0,374,19
frame_000062.jpg,330,351,345,369
frame_000062.jpg,262,192,278,212
frame_000062.jpg,278,162,296,177
frame_000062.jpg,349,154,363,167
frame_000062.jpg,280,144,297,156
frame_000062.jpg,327,122,345,138
frame_000062.jpg,267,119,284,145
frame_000062.jpg,274,84,319,108
frame_000062.jpg,260,74,273,99
frame_000062.jpg,349,9,374,27
frame_000064.jpg,329,366,344,383
frame_000064.jpg,262,202,277,221
frame_000064.jpg,279,173,296,188
frame_000064.jpg,350,166,368,181
frame_000064.jpg,280,152,295,163
frame_000064.jpg,327,131,344,144
frame_000064.jpg,267,128,284,152
frame_000064.jpg,275,102,292,115
frame_000064.jpg,260,84,272,107
frame_000064.jpg,349,16,372,32
frame_000066.jpg,329,381,343,397
frame_000066.jpg,262,212,276,230
frame_000066.jpg,279,184,294,200
frame_000066.jpg,350,176,366,191
frame_000066.jpg,280,162,295,171
frame_000066.jpg,326,138,343,151
frame_000066.jpg,267,138,284,161
frame_000066.jpg,276,111,291,122
frame_000066.jpg,302,110,310,118
frame_000066.jpg,260,93,271,116
frame_000066.jpg,350,24,371,41
frame_000068.jpg,327,394,343,412
frame_000068.jpg,260,223,277,241
frame_000068.jpg,277,194,296,211
frame_000068.jpg,350,184,368,202
frame_000068.jpg,280,168,296,180
frame_000068.jpg,267,147,285,171
frame_000068.jpg,325,143,343,160
frame_000068.jpg,275,117,291,131
frame_000068.jpg,295,116,319,136
frame_000068.jpg,257,102,271,127
frame_000068.jpg,349,31,372,49
frame_000068.jpg,273,0,285,7
frame_000070.jpg,328,409,343,427
frame_000070.jpg,260,234,276,253
frame_000070.jpg,277,207,295,223
frame_000070.jpg,351,197,368,212
frame_000070.jpg,266,155,295,189
frame_000070.jpg,325,152,342,167
frame_000070.jpg,296,128,317,147
frame_000070.jpg,276,127,293,141
frame_000070.jpg,258,112,271,137
frame_000070.jpg,348,40,371,57
frame_000070.jpg,272,0,292,13
frame_000072.jpg,327,422,341,441
frame_000072.jpg,260,243,276,263
frame_000072.jpg,277,217,296,235
frame_000072.jpg,351,207,367,222
frame_000072.jpg,279,187,294,199
frame_000072.jpg,265,165,285,189
frame_000072.jpg,324,159,341,174
frame_000072.jpg,294,139,319,157
frame_000072.jpg,276,134,293,149
frame_000072.jpg,257,121,270,145
frame_000072.jpg,347,47,371,65
frame_000072.jpg,265,0,295,21
frame_000074.jpg,326,437,343,455
frame_000074.jpg,261,255,277,275
frame_000074.jpg,349,216,368,232
frame_000074.jpg,265,175,294,206
frame_000074.jpg,323,166,340,182
frame_000074.jpg,294,152,318,167
frame_000074.jpg,277,143,294,158
frame_000074.jpg,257,131,270,156
frame_000074.jpg,348,54,371,74
frame_000074.jpg,265,4,295,29
frame_000076.jpg,328,453,342,470
frame_000076.jpg,260,266,275,285
frame_000076.jpg,279,242,294,258
frame_000076.jpg,266,184,293,215
frame_000076.jpg,323,174,340,189
frame_000076.jpg,298,165,308,173
frame_000076.jpg,278,152,294,165
frame_000076.jpg,256,142,268,165
frame_000076.jpg,347,64,370,81
frame_000076.jpg,265,16,294,36
frame_000076.jpg,346,0,359,6
frame_000078.jpg,322,467,345,480
frame_000078.jpg,256,277,278,296
frame_000078.jpg,274,253,298,270
frame_000078.jpg,260,193,297,224
frame_000078.jpg,291,175,343,198
frame_000078.jpg,251,152,298,177
frame_000078.jpg,343,71,374,90
frame_000078.jpg,259,23,298,46
frame_000078.jpg,343,0,364,15
frame_000078.jpg,262,0,284,9
frame_000080.jpg,260,289,275,306
frame_000080.jpg,278,266,293,281
frame_000080.jpg,352,252,366,261
frame_000080.jpg,279,223,292,232
frame_000080.jpg,266,204,283,225
frame_000080.jpg,323,191,338,204
frame_000080.jpg,296,185,315,203
frame_000080.jpg,280,170,295,183
frame_000080.jpg,256,163,267,185
frame_000080.jpg,348,82,369,97
frame_000080.jpg,264,33,294,55
frame_000080.jpg,347,11,358,19
frame_000080.jpg,268,0,281,17
frame_000082.jpg,258,299,284,319
frame_000082.jpg,277,277,293,294
frame_000082.jpg,351,259,368,276
frame_000082.jpg,263,212,293,243
frame_000082.jpg,321,197,341,214
frame_000082.jpg,293,194,316,216
frame_000082.jpg,280,177,297,192
frame_000082.jpg,255,171,267,196
frame_000082.jpg,345,88,369,108
frame_000082.jpg,262,42,295,67
frame_000082.jpg,346,17,363,31
frame_000082.jpg,266,9,283,30
frame_000084.jpg,259,312,274,328
frame_000084.jpg,351,272,366,286
frame_000084.jpg,278,242,292,251
frame_000084.jpg,264,223,283,244
frame_000084.jpg,296,208,315,226
frame_000084.jpg,323,207,338,220
frame_000084.jpg,281,187,296,200
frame_000084.jpg,255,184,267,206
frame_000084.jpg,346,99,369,114
frame_000084.jpg,263,52,295,77
frame_000084.jpg,348,28,361,39
frame_000086.jpg,259,322,274,340
frame_000086.jpg,278,303,291,319
frame_000086.jpg,352,282,368,298
frame_000086.jpg,263,232,292,261
frame_000086.jpg,296,220,316,238
frame_000086.jpg,321,214,337,229
frame_000086.jpg,281,197,296,210
frame_000086.jpg,255,193,267,217
frame_000086.jpg,345,107,368,124
frame_000086.jpg,262,59,296,90
frame_000086.jpg,347,37,361,48
frame_000086.jpg,354,0,379,10
frame_000088.jpg,260,333,274,352
frame_000088.jpg,278,314,293,331
frame_000088.jpg,351,292,368,309
frame_000088.jpg,264,244,292,271
frame_000088.jpg,298,231,314,244
frame_000088.jpg,321,222,336,237
frame_000088.jpg,282,205,297,220
frame_000088.jpg,255,204,267,227
frame_000088.jpg,345,117,368,133
frame_000088.jpg,261,69,297,101
frame_000088.jpg,348,46,364,59
frame_000088.jpg,268,44,282,63
frame_000088.jpg,354,5,378,19
frame_000090.jpg,258,346,272,363
frame_000090.jpg,278,327,291,338
frame_000090.jpg,353,305,362,315
frame_000090.jpg,264,254,292,279
frame_000090.jpg,297,247,307,256
frame_000090.jpg,320,230,336,245
frame_000090.jpg,283,215,296,228
frame_000090.jpg,254,215,265,238
frame_000090.jpg,344,126,367,141
frame_000090.jpg,261,77,297,113
frame_000090.jpg,350,56,358,64
frame_000090.jpg,355,13,377,30
frame_000092.jpg,257,355,273,376
frame_000092.jpg,277,338,295,356
frame_000092.jpg,351,314,369,334
frame_000092.jpg,263,262,293,289
frame_000092.jpg,292,255,317,275
frame_000092.jpg,319,239,336,256
frame_000092.jpg,253,225,266,250
frame_000092.jpg,282,223,298,240
frame_000092.jpg,343,134,368,152
frame_000092.jpg,257,86,298,126
frame_000092.jpg,347,65,364,77
frame_000092.jpg,266,65,281,87
frame_000092.jpg,353,20,378,43
frame_000094.jpg,258,368,272,387
frame_000094.jpg,277,353,293,368
frame_000094.jpg,352,326,368,343
frame_000094.jpg,263,273,290,299
frame_000094.jpg,294,269,315,284
frame_000094.jpg,320,247,335,262
frame_000094.jpg,253,236,264,259
frame_000094.jpg,284,233,297,248
frame_000094.jpg,343,144,366,159
frame_000094.jpg,260,117,277,136
frame_000094.jpg,276,94,298,109
frame_000094.jpg,271,80,281,90
frame_000094.jpg,350,74,364,87
frame_000094.jpg,353,30,378,53
frame_000096.jpg,259,381,272,398
frame_000096.jpg,279,367,288,376
frame_000096.jpg,263,286,289,307
frame_000096.jpg,320,256,333,270
frame_000096.jpg,252,248,263,269
frame_000096.jpg,284,244,297,257
frame_000096.jpg,344,153,365,168
frame_000096.jpg,260,129,276,148
frame_000096.jpg,276,104,297,116
frame_000096.jpg,269,93,280,108
frame_000096.jpg,354,52,369,63
frame_000096.jpg,361,40,377,48
frame_000096.jpg,369,0,380,5
frame_000098.jpg,259,393,272,410
frame_000098.jpg,278,379,293,394
frame_000098.jpg,353,349,368,366
frame_000098.jpg,263,296,290,318
frame_000098.jpg,294,293,315,309
frame_000098.jpg,319,264,332,279
frame_000098.jpg,252,259,263,281
frame_000098.jpg,285,253,298,268
frame_000098.jpg,342,163,365,179
frame_000098.jpg,258,141,275,160
frame_000098.jpg,276,113,298,126
frame_000098.jpg,352,93,362,101
frame_000098.jpg,353,63,370,75
frame_000098.jpg,368,0,382,13
frame_000100.jpg,257,404,272,423
frame_000100.jpg,277,392,291,407
frame_000100.jpg,353,361,368,378
frame_000100.jpg,262,306,290,329
frame_000100.jpg,293,305,314,322
frame_000100.jpg,318,272,333,289
frame_000100.jpg,250,269,263,292
frame_000100.jpg,284,263,299,278
frame_000100.jpg,342,171,365,188
frame_000100.jpg,258,153,275,173
frame_000100.jpg,275,121,298,136
frame_000100.jpg,352,73,369,85
frame_000100.jpg,359,56,371,65
frame_000100.jpg,366,4,381,22
frame_000102.jpg,256,417,273,436
frame_000102.jpg,275,403,294,422
frame_000102.jpg,351,372,369,391
frame_000102.jpg,261,316,317,340
frame_000102.jpg,319,279,333,298
frame_000102.jpg,249,279,265,305
frame_000102.jpg,283,272,299,288
frame_000102.jpg,340,180,364,199
frame_000102.jpg,256,164,275,187
frame_000102.jpg,267,128,299,148
frame_000102.jpg,351,112,367,128
frame_000102.jpg,351,83,369,97
frame_000102.jpg,357,63,379,75
frame_000102.jpg,364,10,382,30
frame_000102.jpg,239,0,256,10
frame_000104.jpg,257,428,272,448
frame_000104.jpg,275,416,292,433
frame_000104.jpg,351,385,369,401
frame_000104.jpg,261,327,315,351
frame_000104.jpg,249,291,262,316
frame_000104.jpg,317,288,332,308
frame_000104.jpg,284,282,301,299
frame_000104.jpg,341,191,364,209
frame_000104.jpg,255,177,273,199
frame_000104.jpg,266,138,300,160
frame_000104.jpg,352,121,368,137
frame_000104.jpg,351,96,369,109
frame_000104.jpg,355,72,377,85
frame_000104.jpg,365,19,382,38
frame_000104.jpg,284,0,299,12
frame_000104.jpg,236,0,255,17
frame_000106.jpg,257,442,270,461
frame_000106.jpg,276,431,291,446
frame_000106.jpg,293,343,313,362
frame_000106.jpg,261,339,288,360
frame_000106.jpg,249,304,261,326
frame_000106.jpg,316,298,331,315
frame_000106.jpg,285,294,300,307
frame_000106.jpg,342,201,363,218
frame_000106.jpg,256,191,273,210
frame_000106.jpg,269,147,298,171
frame_000106.jpg,354,133,367,146
frame_000106.jpg,352,108,368,119
frame_000106.jpg,358,84,375,93
frame_000106.jpg,365,29,380,46
frame_000106.jpg,288,6,297,17
frame_000108.jpg,257,453,270,473
frame_000108.jpg,276,443,291,460
frame_000108.jpg,355,415,367,425
frame_000108.jpg,293,355,313,374
frame_000108.jpg,261,349,289,369
frame_000108.jpg,249,314,260,337
frame_000108.jpg,316,307,331,324
frame_000108.jpg,286,304,301,318
frame_000108.jpg,342,210,363,227
frame_000108.jpg,255,202,271,223
frame_000108.jpg,268,158,299,184
frame_000108.jpg,353,144,367,156
frame_000108.jpg,351,119,368,131
frame_000108.jpg,358,92,377,103
frame_000108.jpg,365,37,380,55
frame_000108.jpg,285,14,298,27
frame_000108.jpg,237,14,255,31
frame_000110.jpg,255,467,270,480
frame_000110.jpg,274,461,279,470
frame_000110.jpg,283,457,292,469
frame_000110.jpg,351,422,369,439
frame_000110.jpg,293,367,314,388
frame_000110.jpg,260,359,289,382
frame_000110.jpg,247,325,261,350
frame_000110.jpg,315,315,330,334
frame_000110.jpg,284,314,302,329
frame_000110.jpg,341,219,365,238
frame_000110.jpg,255,214,273,236
frame_000110.jpg,266,165,299,198
frame_000110.jpg,351,131,369,144
frame_000110.jpg,357,101,377,111
frame_000110.jpg,364,44,381,64
frame_000110.jpg,328,0,355,12
frame_000112.jpg,272,470,289,480
frame_000112.jpg,347,435,370,451
frame_000112.jpg,291,380,316,401
frame_000112.jpg,259,370,289,392
frame_000112.jpg,245,337,262,362
frame_000112.jpg,314,325,331,343
frame_000112.jpg,283,325,303,339
frame_000112.jpg,340,229,366,247
frame_000112.jpg,252,228,273,249
frame_000112.jpg,265,175,303,209
frame_000112.jpg,354,163,371,177
frame_000112.jpg,348,143,369,155
frame_000112.jpg,354,111,379,123
frame_000112.jpg,361,53,382,71
frame_000112.jpg,285,31,300,46
frame_000112.jpg,234,30,257,49
frame_000112.jpg,327,7,356,23
frame_000114.jpg,351,450,369,463
frame_000114.jpg,293,394,314,413
frame_000114.jpg,261,381,288,401
frame_000114.jpg,247,349,259,373
frame_000114.jpg,286,336,301,350
frame_000114.jpg,314,335,329,352
frame_000114.jpg,254,241,271,262
frame_000114.jpg,340,240,363,257
frame_000114.jpg,267,185,300,222
frame_000114.jpg,355,174,369,188
frame_000114.jpg,351,154,367,168
frame_000114.jpg,357,120,376,131
frame_000114.jpg,363,63,378,81
frame_000114.jpg,287,40,301,55
frame_000114.jpg,237,39,254,58
frame_000114.jpg,330,18,355,33
frame_000116.jpg,347,460,363,476
frame_000116.jpg,297,406,315,423
frame_000116.jpg,261,391,288,413
frame_000116.jpg,246,360,260,385
frame_000116.jpg,287,346,303,361
frame_000116.jpg,313,343,328,362
frame_000116.jpg,253,255,272,275
frame_000116.jpg,339,249,364,268
frame_000116.jpg,271,228,278,235
frame_000116.jpg,274,196,300,219
frame_000116.jpg,354,183,369,198
frame_000116.jpg,349,165,368,179
frame_000116.jpg,359,130,368,137
frame_000116.jpg,362,70,379,90
frame_000116.jpg,287,48,301,64
frame_000116.jpg,236,47,255,66
frame_000116.jpg,330,28,356,45
frame_000118.jpg,293,421,313,440
frame_000118.jpg,262,403,287,425
frame_000118.jpg,247,373,258,396
frame_000118.jpg,287,357,302,371
frame_000118.jpg,314,353,327,370
frame_000118.jpg,253,268,270,287
frame_000118.jpg,339,260,362,277
frame_000118.jpg,268,228,277,247
frame_000118.jpg,278,207,299,223
frame_000118.jpg,350,180,367,191
frame_000118.jpg,357,141,369,148
frame_000118.jpg,363,81,378,98
frame_000118.jpg,238,56,253,75
frame_000118.jpg,331,40,356,55
frame_000120.jpg,262,415,287,435
frame_000120.jpg,246,386,257,407
frame_000120.jpg,288,369,303,382
frame_000120.jpg,313,363,326,380
frame_000120.jpg,252,281,269,301
frame_000120.jpg,340,272,361,288
frame_000120.jpg,278,216,299,233
frame_000120.jpg,357,206,370,219
frame_000120.jpg,349,192,366,203
frame_000120.jpg,362,90,377,107
frame_000120.jpg,288,70,301,82
frame_000120.jpg,237,65,254,84
frame_000120.jpg,332,51,355,66
frame_000122.jpg,261,426,287,447
frame_000122.jpg,245,397,257,420
frame_000122.jpg,288,379,303,394
frame_000122.jpg,312,372,327,389
frame_000122.jpg,252,294,269,315
frame_000122.jpg,339,279,362,299
frame_000122.jpg,278,227,301,244
frame_000122.jpg,358,219,366,227
frame_000122.jpg,349,203,367,217
frame_000122.jpg,357,160,366,169
frame_000122.jpg,362,99,377,117
frame_000122.jpg,288,80,296,89
frame_000122.jpg,239,72,255,93
frame_000122.jpg,332,61,357,78
frame_000124.jpg,262,439,286,458
frame_000124.jpg,245,411,256,432
frame_000124.jpg,290,392,303,403
frame_000124.jpg,313,383,324,398
frame_000124.jpg,252,308,268,326
frame_000124.jpg,340,292,360,309
frame_000124.jpg,279,238,300,253
frame_000124.jpg,359,228,372,239
frame_000124.jpg,349,216,364,227
frame_000124.jpg,362,110,375,125
frame_000124.jpg,240,83,254,100
frame_000124.jpg,335,74,356,89
frame_000126.jpg,260,449,286,469
frame_000126.jpg,244,422,256,445
frame_000126.jpg,289,402,304,416
frame_000126.jpg,312,390,325,409
frame_000126.jpg,251,322,268,341
frame_000126.jpg,339,301,360,320
frame_000126.jpg,267,280,277,299
frame_000126.jpg,278,249,301,264
frame_000126.jpg,348,228,373,247
frame_000126.jpg,357,181,368,190
frame_000126.jpg,361,118,376,135
frame_000126.jpg,289,98,302,110
frame_000126.jpg,336,83,357,102
frame_000128.jpg,261,460,287,480
frame_000128.jpg,243,433,257,457
frame_000128.jpg,289,413,306,428
frame_000128.jpg,310,400,325,419
frame_000128.jpg,249,335,271,356
frame_000128.jpg,337,311,360,332
frame_000128.jpg,278,259,303,273
frame_000128.jpg,346,239,365,254
frame_000128.jpg,359,127,376,145
frame_000128.jpg,290,112,298,119
frame_000128.jpg,234,100,257,120
frame_000128.jpg,335,95,358,114
frame_000130.jpg,266,471,282,480
frame_000130.jpg,243,447,255,471
frame_000130.jpg,289,424,306,439
frame_000130.jpg,310,410,324,429
frame_000130.jpg,248,350,268,369
frame_000130.jpg,336,322,359,342
frame_000130.jpg,266,306,277,327
frame_000130.jpg,278,271,302,284
frame_000130.jpg,346,251,365,266
frame_000130.jpg,355,199,368,212
frame_000130.jpg,358,136,376,155
frame_000130.jpg,289,118,302,132
frame_000130.jpg,236,111,255,128
frame_000130.jpg,335,107,360,124
frame_000132.jpg,244,461,255,480
frame_000132.jpg,292,436,306,449
frame_000132.jpg,310,421,323,438
frame_000132.jpg,250,364,267,383
frame_000132.jpg,337,336,358,351
frame_000132.jpg,280,282,303,295
frame_000132.jpg,348,266,374,285
frame_000132.jpg,360,148,374,163
frame_000132.jpg,290,130,302,141
frame_000132.jpg,239,122,248,131
frame_000132.jpg,336,120,359,135
frame_000134.jpg,241,473,257,480
frame_000134.jpg,288,431,326,462
frame_000134.jpg,246,378,272,398
frame_000134.jpg,332,345,363,363
frame_000134.jpg,261,333,281,353
frame_000134.jpg,276,292,305,307
frame_000134.jpg,344,278,378,298
frame_000134.jpg,352,224,368,231
frame_000134.jpg,355,157,380,174
frame_000134.jpg,287,140,304,152
frame_000134.jpg,332,131,364,148
frame_000134.jpg,240,128,257,145
frame_000134.jpg,358,0,385,8
frame_000134.jpg,259,0,279,8
frame_000136.jpg,292,460,307,473
frame_000136.jpg,309,441,322,458
frame_000136.jpg,249,392,268,411
frame_000136.jpg,336,357,359,374
frame_000136.jpg,281,304,304,317
frame_000136.jpg,347,291,375,308
frame_000136.jpg,354,233,372,242
frame_000136.jpg,359,167,376,184
frame_000136.jpg,290,149,303,162
frame_000136.jpg,337,144,362,159
frame_000136.jpg,236,137,255,158
frame_000136.jpg,360,0,377,15
frame_000136.jpg,262,0,275,13
frame_000138.jpg,292,472,307,480
frame_000138.jpg,308,452,320,469
frame_000138.jpg,249,407,266,424
frame_000138.jpg,336,369,358,384
frame_000138.jpg,266,361,277,380
frame_000138.jpg,281,314,304,329
frame_000138.jpg,346,305,375,320
frame_000138.jpg,359,177,374,193
frame_000138.jpg,290,161,303,173
frame_000138.jpg,337,156,361,171
frame_000138.jpg,238,150,247,161
frame_000138.jpg,262,6,275,21
frame_000138.jpg,347,0,382,28
frame_000140.jpg,308,463,320,478
frame_000140.jpg,248,421,265,438
frame_000140.jpg,336,380,357,396
frame_000140.jpg,267,375,274,394
frame_000140.jpg,282,325,303,340
frame_000140.jpg,347,318,373,328
frame_000140.jpg,358,188,373,203
frame_000140.jpg,291,171,302,180
frame_000140.jpg,339,168,360,183
frame_000140.jpg,262,13,275,28
frame_000140.jpg,381,0,400,12
frame_000140.jpg,348,0,382,36
frame_000142.jpg,308,473,320,480
frame_000142.jpg,246,436,264,453
frame_000142.jpg,335,392,357,407
frame_000142.jpg,266,388,277,408
frame_000142.jpg,282,336,303,351
frame_000142.jpg,345,330,376,343
frame_000142.jpg,354,266,372,275
frame_000142.jpg,358,197,373,214
frame_000142.jpg,291,181,304,193
frame_000142.jpg,339,180,362,195
frame_000142.jpg,237,169,248,180
frame_000142.jpg,262,21,275,36
frame_000142.jpg,348,9,382,48
frame_000142.jpg,382,3,401,22
frame_000144.jpg,247,450,264,467
frame_000144.jpg,335,404,356,419
frame_000144.jpg,267,403,276,422
frame_000144.jpg,283,347,304,362
frame_000144.jpg,346,343,371,355
frame_000144.jpg,356,278,370,285
frame_000144.jpg,357,208,372,223
frame_000144.jpg,340,193,363,208
frame_000144.jpg,293,193,302,204
frame_000144.jpg,262,29,274,44
frame_000144.jpg,348,19,374,41
frame_000144.jpg,382,13,401,32
frame_000146.jpg,247,464,264,480
frame_000146.jpg,334,415,357,430
frame_000146.jpg,282,359,305,374
frame_000146.jpg,345,354,376,369
frame_000146.jpg,340,204,372,235
frame_000146.jpg,293,204,304,216
frame_000146.jpg,237,186,255,205
frame_000146.jpg,373,56,382,67
frame_000146.jpg,262,37,275,52
frame_000146.jpg,347,28,376,50
frame_000146.jpg,381,24,403,43
frame_000148.jpg,334,427,356,443
frame_000148.jpg,283,371,306,384
frame_000148.jpg,345,369,362,382
frame_000148.jpg,364,366,378,379
frame_000148.jpg,339,217,372,244
frame_000148.jpg,293,215,304,226
frame_000148.jpg,237,198,254,212
frame_000148.jpg,372,67,383,80
frame_000148.jpg,262,45,275,59
frame_000148.jpg,347,39,376,57
frame_000148.jpg,382,34,403,53
frame_000150.jpg,265,445,278,466
frame_000150.jpg,332,438,356,454
frame_000150.jpg,282,381,308,398
frame_000150.jpg,344,376,381,396
frame_000150.jpg,351,311,370,321
frame_000150.jpg,339,229,371,255
frame_000150.jpg,291,224,305,239
frame_000150.jpg,236,207,256,225
frame_000150.jpg,261,52,276,68
frame_000150.jpg,348,47,377,65
frame_000150.jpg,382,45,404,64
frame_000150.jpg,296,0,318,6
frame_000152.jpg,266,462,277,480
frame_000152.jpg,333,451,356,466
frame_000152.jpg,343,397,360,408
frame_000152.jpg,284,393,304,410
frame_000152.jpg,367,390,380,403
frame_000152.jpg,342,243,372,265
frame_000152.jpg,294,236,304,248
frame_000152.jpg,238,221,248,231
frame_000152.jpg,262,62,275,76
frame_000152.jpg,384,56,404,73
frame_000152.jpg,348,56,375,75
frame_000152.jpg,296,0,319,8
frame_000154.jpg,269,474,278,480
frame_000154.jpg,332,463,355,480
frame_000154.jpg,343,410,361,423
frame_000154.jpg,284,403,305,423
frame_000154.jpg,368,401,380,416
frame_000154.jpg,352,333,369,343
frame_000154.jpg,341,255,371,277
frame_000154.jpg,293,246,305,260
frame_000154.jpg,236,227,253,247
frame_000154.jpg,372,100,385,112
frame_000154.jpg,261,69,276,85
frame_000154.jpg,384,65,405,86
frame_000154.jpg,348,63,377,85
frame_000154.jpg,343,0,358,7
frame_000154.jpg,294,0,319,13
frame_000156.jpg,335,475,358,480
frame_000156.jpg,338,415,385,437
frame_000156.jpg,280,415,309,434
frame_000156.jpg,350,345,374,355
frame_000156.jpg,337,268,376,288
frame_000156.jpg,290,258,312,273
frame_000156.jpg,232,239,257,257
frame_000156.jpg,367,111,390,126
frame_000156.jpg,259,77,281,94
frame_000156.jpg,344,69,409,97
frame_000156.jpg,288,3,323,17
frame_000156.jpg,339,0,361,15
frame_000158.jpg,343,438,360,449
frame_000158.jpg,285,428,306,445
frame_000158.jpg,361,359,369,365
frame_000158.jpg,342,280,370,298
frame_000158.jpg,235,253,245,267
frame_000158.jpg,372,124,385,135
frame_000158.jpg,386,87,405,108
frame_000158.jpg,263,85,276,101
frame_000158.jpg,349,79,376,106
frame_000158.jpg,344,10,359,23
frame_000158.jpg,293,9,318,22
frame_000160.jpg,341,450,359,465
frame_000160.jpg,284,440,307,457
frame_000160.jpg,369,438,382,455
frame_000160.jpg,351,368,369,379
frame_000160.jpg,341,290,369,309
frame_000160.jpg,292,281,308,295
frame_000160.jpg,234,258,255,280
frame_000160.jpg,371,133,387,147
frame_000160.jpg,386,97,405,120
frame_000160.jpg,262,95,277,111
frame_000160.jpg,349,85,379,115
frame_000160.jpg,343,17,360,32
frame_000160.jpg,292,12,319,29
frame_000162.jpg,341,464,359,480
frame_000162.jpg,283,452,307,469
frame_000162.jpg,367,450,376,457
frame_000162.jpg,351,380,369,391
frame_000162.jpg,343,303,369,321
frame_000162.jpg,293,293,309,303
frame_000162.jpg,235,271,254,292
frame_000162.jpg,370,144,386,160
frame_000162.jpg,386,108,405,132
frame_000162.jpg,263,102,278,121
frame_000162.jpg,349,95,377,126
frame_000162.jpg,343,26,360,41
frame_000162.jpg,293,17,319,33
frame_000164.jpg,369,464,384,480
frame_000164.jpg,285,463,307,480
frame_000164.jpg,351,393,369,403
frame_000164.jpg,344,313,369,335
frame_000164.jpg,294,306,306,318
frame_000164.jpg,237,285,246,295
frame_000164.jpg,372,157,387,171
frame_000164.jpg,387,121,406,144
frame_000164.jpg,263,111,277,129
frame_000164.jpg,349,103,378,136
frame_000164.jpg,343,35,360,49
frame_000164.jpg,291,22,317,38
frame_000164.jpg,281,0,295,6
frame_000166.jpg,351,405,369,416
frame_000166.jpg,343,325,369,348
frame_000166.jpg,295,319,311,332
frame_000166.jpg,235,291,254,314
frame_000166.jpg,372,168,388,184
frame_000166.jpg,387,131,406,155
frame_000166.jpg,351,131,373,145
frame_000166.jpg,263,121,278,138
frame_000166.jpg,362,111,380,127
frame_000166.jpg,344,43,361,58
frame_000166.jpg,291,29,317,45
frame_000166.jpg,280,0,297,13
frame_000168.jpg,351,417,368,427
frame_000168.jpg,344,336,371,361
frame_000168.jpg,295,329,310,344
frame_000168.jpg,235,304,254,324
frame_000168.jpg,373,183,388,194
frame_000168.jpg,388,143,407,165
frame_000168.jpg,351,143,375,157
frame_000168.jpg,264,129,277,145
frame_000168.jpg,364,120,379,136
frame_000168.jpg,345,52,360,67
frame_000168.jpg,291,34,316,49
frame_000168.jpg,281,9,292,20
frame_000170.jpg,346,429,369,440
frame_000170.jpg,343,349,372,376
frame_000170.jpg,294,341,314,353
frame_000170.jpg,233,314,256,337
frame_000170.jpg,373,192,389,207
frame_000170.jpg,385,154,410,177
frame_000170.jpg,350,152,377,167
frame_000170.jpg,261,138,280,155
frame_000170.jpg,362,128,382,145
frame_000170.jpg,343,61,363,76
frame_000170.jpg,289,38,318,56
frame_000170.jpg,278,17,298,29
frame_000170.jpg,363,0,379,8
frame_000172.jpg,350,444,368,451
frame_000172.jpg,344,361,370,388
frame_000172.jpg,236,328,253,345
frame_000172.jpg,374,208,388,218
frame_000172.jpg,389,168,408,187
frame_000172.jpg,352,164,376,176
frame_000172.jpg,264,149,277,164
frame_000172.jpg,363,138,380,151
frame_000172.jpg,344,70,361,82
frame_000172.jpg,289,46,316,59
frame_000172.jpg,362,0,376,11
frame_000174.jpg,348,454,367,465
frame_000174.jpg,346,371,371,403
frame_000174.jpg,297,367,310,381
frame_000174.jpg,235,339,253,359
frame_000174.jpg,374,218,387,230
frame_000174.jpg,389,176,408,200
frame_000174.jpg,353,175,376,189
frame_000174.jpg,265,157,277,174
frame_000174.jpg,364,146,379,161
frame_000174.jpg,346,79,361,93
frame_000174.jpg,289,51,315,65
frame_000174.jpg,282,32,295,43
frame_000174.jpg,361,0,374,18
frame_000174.jpg,300,0,317,9
frame_000176.jpg,350,467,365,477
frame_000176.jpg,346,383,371,417
frame_000176.jpg,297,379,311,392
frame_000176.jpg,234,350,254,369
frame_000176.jpg,374,231,389,245
frame_000176.jpg,390,189,409,211
frame_000176.jpg,354,185,377,200
frame_000176.jpg,265,166,278,184
frame_000176.jpg,363,154,379,171
frame_000176.jpg,346,87,362,102
frame_000176.jpg,287,56,315,71
frame_000176.jpg,282,39,297,51
frame_000176.jpg,361,4,374,25
frame_000176.jpg,300,0,317,17
frame_000178.jpg,347,395,373,431
frame_000178.jpg,297,390,313,406
frame_000178.jpg,234,361,256,382
frame_000178.jpg,372,243,389,257
frame_000178.jpg,391,200,410,225
frame_000178.jpg,353,195,377,211
frame_000178.jpg,264,175,277,192
frame_000178.jpg,363,162,380,177
frame_000178.jpg,345,97,361,112
frame_000178.jpg,288,62,315,77
frame_000178.jpg,281,47,293,61
frame_000178.jpg,359,10,373,31
frame_000178.jpg,300,5,317,23
frame_000178.jpg,386,0,398,11
frame_000180.jpg,348,430,371,445
frame_000180.jpg,351,408,366,425
frame_000180.jpg,298,403,311,417
frame_000180.jpg,235,374,254,392
frame_000180.jpg,392,214,409,236
frame_000180.jpg,356,207,377,222
frame_000180.jpg,264,186,276,202
frame_000180.jpg,363,173,380,186
frame_000180.jpg,346,107,361,120
frame_000180.jpg,290,69,314,82
frame_000180.jpg,283,57,296,66
frame_000180.jpg,361,17,374,36
frame_000180.jpg,300,14,317,29
frame_000180.jpg,388,0,397,19
frame_000180.jpg,342,0,357,9
frame_000182.jpg,347,444,372,459
frame_000182.jpg,349,419,366,437
frame_000182.jpg,297,415,313,431
frame_000182.jpg,240,387,253,401
frame_000182.jpg,373,271,390,282
frame_000182.jpg,390,224,412,248
frame_000182.jpg,355,218,379,235
frame_000182.jpg,264,194,277,211
frame_000182.jpg,362,181,381,195
frame_000182.jpg,347,115,363,129
frame_000182.jpg,283,64,315,90
frame_000182.jpg,358,24,375,43
frame_000182.jpg,300,19,319,36
frame_000182.jpg,387,15,397,30
frame_000182.jpg,340,3,357,18
frame_000182.jpg,255,0,277,14
frame_000184.jpg,349,458,372,473
frame_000184.jpg,350,432,365,449
frame_000184.jpg,300,431,311,442
frame_000184.jpg,393,239,410,260
frame_000184.jpg,358,229,377,246
frame_000184.jpg,264,205,276,220
frame_000184.jpg,364,192,381,204
frame_000184.jpg,348,126,362,139
frame_000184.jpg,284,73,312,94
frame_000184.jpg,359,32,374,48
frame_000184.jpg,302,27,318,42
frame_000184.jpg,340,16,356,28
frame_000184.jpg,254,6,275,20
frame_000186.jpg,348,471,373,480
frame_000186.jpg,348,443,366,462
frame_000186.jpg,298,441,313,458
frame_000186.jpg,237,408,253,430
frame_000186.jpg,373,295,392,308
frame_000186.jpg,392,248,412,273
frame_000186.jpg,356,240,379,257
frame_000186.jpg,263,213,278,232
frame_000186.jpg,361,200,382,215
frame_000186.jpg,346,134,363,149
frame_000186.jpg,281,81,315,103
frame_000186.jpg,357,37,374,57
frame_000186.jpg,300,33,319,49
frame_000186.jpg,385,31,396,49
frame_000186.jpg,338,23,357,38
frame_000186.jpg,253,12,276,30
frame_000188.jpg,349,457,364,472
frame_000188.jpg,301,457,309,468
frame_000188.jpg,236,422,253,441
frame_000188.jpg,376,309,389,320
frame_000188.jpg,396,264,412,284
frame_000188.jpg,358,253,378,268
frame_000188.jpg,265,225,276,240
frame_000188.jpg,364,211,381,222
frame_000188.jpg,348,145,362,158
frame_000188.jpg,288,94,311,107
frame_000188.jpg,360,45,372,60
frame_000188.jpg,386,44,394,60
frame_000188.jpg,300,42,316,56
frame_000188.jpg,338,34,354,47
frame_000190.jpg,348,469,365,480
frame_000190.jpg,297,468,313,480
frame_000190.jpg,235,433,254,455
frame_000190.jpg,373,321,391,334
frame_000190.jpg,394,274,413,298
frame_000190.jpg,357,265,380,280
frame_000190.jpg,264,234,277,251
frame_000190.jpg,362,219,382,232
frame_000190.jpg,347,154,363,169
frame_000190.jpg,281,96,313,114
frame_000190.jpg,299,48,318,63
frame_000190.jpg,337,43,373,69
frame_000190.jpg,250,28,265,43
frame_000192.jpg,236,448,253,465
frame_000192.jpg,375,334,391,346
frame_000192.jpg,396,288,413,311
frame_000192.jpg,359,277,380,292
frame_000192.jpg,265,244,276,261
frame_000192.jpg,363,230,381,241
frame_000192.jpg,349,165,362,178
frame_000192.jpg,287,107,311,121
frame_000192.jpg,386,66,394,78
frame_000192.jpg,357,58,372,75
frame_000192.jpg,301,56,318,69
frame_000192.jpg,338,54,354,67
frame_000192.jpg,254,37,272,53
frame_000194.jpg,233,458,255,480
frame_000194.jpg,376,348,387,357
frame_000194.jpg,395,301,414,324
frame_000194.jpg,358,288,380,305
frame_000194.jpg,264,252,277,272
frame_000194.jpg,364,239,383,250
frame_000194.jpg,347,175,364,189
frame_000194.jpg,281,113,311,129
frame_000194.jpg,335,63,372,83
frame_000194.jpg,300,61,319,78
frame_000194.jpg,252,43,273,64
frame_000194.jpg,339,0,350,11
frame_000194.jpg,269,0,283,12
frame_000196.jpg,234,470,257,480
frame_000196.jpg,372,360,395,375
frame_000196.jpg,393,313,417,337
frame_000196.jpg,355,299,384,317
frame_000196.jpg,261,264,279,282
frame_000196.jpg,360,247,384,260
frame_000196.jpg,346,184,365,199
frame_000196.jpg,278,117,313,136
frame_000196.jpg,383,87,394,107
frame_000196.jpg,335,70,373,91
frame_000196.jpg,298,69,320,86
frame_000196.jpg,250,50,273,74
frame_000196.jpg,335,7,352,23
frame_000196.jpg,266,0,286,16
frame_000198.jpg,376,376,391,387
frame_000198.jpg,395,327,417,350
frame_000198.jpg,357,312,384,329
frame_000198.jpg,263,275,280,292
frame_000198.jpg,362,258,384,271
frame_000198.jpg,345,195,365,208
frame_000198.jpg,279,126,313,143
frame_000198.jpg,383,100,395,116
frame_000198.jpg,332,78,372,97
frame_000198.jpg,299,77,320,93
frame_000198.jpg,336,20,342,31
frame_000198.jpg,265,0,286,20
frame_000200.jpg,376,388,390,400
frame_000200.jpg,398,340,415,363
frame_000200.jpg,361,324,382,341
frame_000200.jpg,266,286,277,303
frame_000200.jpg,365,269,384,280
frame_000200.jpg,348,205,363,218
frame_000200.jpg,281,132,309,151
frame_000200.jpg,384,115,394,123
frame_000200.jpg,333,97,351,108
frame_000200.jpg,301,85,318,101
frame_000200.jpg,358,84,369,105
frame_000200.jpg,253,68,269,93
frame_000200.jpg,337,31,347,46
frame_000200.jpg,267,2,283,25
frame_000202.jpg,400,354,415,375
frame_000202.jpg,362,337,382,352
frame_000202.jpg,266,298,277,313
frame_000202.jpg,366,279,383,290
frame_000202.jpg,348,216,362,229
frame_000202.jpg,285,140,308,155
frame_000202.jpg,385,125,392,138
frame_000202.jpg,335,107,351,118
frame_000202.jpg,358,93,367,112
frame_000202.jpg,302,93,318,108
frame_000202.jpg,252,78,267,99
frame_000202.jpg,338,43,347,56
frame_000202.jpg,268,8,281,30
frame_000204.jpg,399,367,417,389
frame_000204.jpg,361,349,383,366
frame_000204.jpg,265,307,278,326
frame_000204.jpg,367,288,385,301
frame_000204.jpg,349,225,365,239
frame_000204.jpg,281,147,309,172
frame_000204.jpg,333,117,352,129
frame_000204.jpg,300,100,319,117
frame_000204.jpg,356,99,369,120
frame_000204.jpg,252,86,268,109
frame_000204.jpg,338,54,346,65
frame_000204.jpg,267,13,282,37
frame_000206.jpg,378,432,392,440
frame_000206.jpg,397,381,421,402
frame_000206.jpg,362,363,385,376
frame_000206.jpg,263,320,280,335
frame_000206.jpg,364,298,385,310
frame_000206.jpg,347,237,366,250
frame_000206.jpg,282,155,309,170
frame_000206.jpg,381,147,394,162
frame_000206.jpg,331,129,352,140
frame_000206.jpg,299,110,320,123
frame_000206.jpg,354,108,370,127
frame_000206.jpg,266,20,285,40
frame_000208.jpg,400,394,417,415
frame_000208.jpg,364,375,384,390
frame_000208.jpg,266,330,277,347
frame_000208.jpg,367,309,382,322
frame_000208.jpg,351,248,364,261
frame_000208.jpg,282,181,295,189
frame_000208.jpg,283,161,306,178
frame_000208.jpg,383,158,392,175
frame_000208.jpg,332,139,349,150
frame_000208.jpg,303,117,318,132
frame_000208.jpg,356,116,366,135
frame_000208.jpg,268,25,282,46
frame_000210.jpg,379,458,395,471
frame_000210.jpg,399,407,420,430
frame_000210.jpg,363,386,385,405
frame_000210.jpg,266,339,279,359
frame_000210.jpg,365,319,385,333
frame_000210.jpg,349,257,366,273
frame_000210.jpg,383,180,395,190
frame_000210.jpg,279,168,308,200
frame_000210.jpg,383,167,392,174
frame_000210.jpg,330,147,350,162
frame_000210.jpg,301,123,319,142
frame_000210.jpg,353,121,367,144
frame_000210.jpg,247,114,269,138
frame_000210.jpg,335,88,349,106
frame_000210.jpg,266,31,286,53
frame_000212.jpg,380,473,392,480
frame_000212.jpg,400,422,419,443
frame_000212.jpg,366,400,385,417
frame_000212.jpg,267,353,278,370
frame_000212.jpg,367,329,382,343
frame_000212.jpg,350,270,365,283
frame_000212.jpg,281,199,295,208
frame_000212.jpg,382,182,391,199
frame_000212.jpg,282,176,305,193
frame_000212.jpg,331,160,348,173
frame_000212.jpg,303,132,318,149
frame_000212.jpg,356,131,365,151
frame_000212.jpg,248,124,265,144
frame_000212.jpg,336,102,345,115
frame_000212.jpg,266,36,283,57
frame_000212.jpg,364,0,374,5
frame_000214.jpg,400,433,420,457
frame_000214.jpg,367,411,387,430
frame_000214.jpg,266,363,279,382
frame_000214.jpg,366,338,384,354
frame_000214.jpg,349,280,366,295
frame_000214.jpg,279,207,296,220
frame_000214.jpg,381,192,393,213
frame_000214.jpg,280,183,305,202
frame_000214.jpg,329,170,348,186
frame_000214.jpg,303,141,320,158
frame_000214.jpg,355,137,367,160
frame_000214.jpg,247,136,266,156
frame_000214.jpg,335,112,346,128
frame_000214.jpg,265,40,284,64
frame_000214.jpg,358,0,376,16
frame_000214.jpg,287,0,303,10
frame_000214.jpg,255,0,266,6
frame_000216.jpg,402,448,422,471
frame_000216.jpg,367,425,386,445
frame_000216.jpg,265,375,279,396
frame_000216.jpg,365,351,384,365
frame_000216.jpg,349,291,366,305
frame_000216.jpg,280,218,297,229
frame_000216.jpg,380,204,391,225
frame_000216.jpg,280,192,305,209
frame_000216.jpg,329,181,348,198
frame_000216.jpg,302,148,319,168
frame_000216.jpg,355,145,366,167
frame_000216.jpg,246,143,265,167
frame_000216.jpg,335,125,345,141
frame_000216.jpg,265,47,283,70
frame_000216.jpg,351,0,374,26
frame_000216.jpg,290,0,307,16
frame_000216.jpg,253,0,267,12
frame_000218.jpg,400,463,424,480
frame_000218.jpg,367,437,388,458
frame_000218.jpg,264,387,279,404
frame_000218.jpg,367,362,385,375
frame_000218.jpg,348,303,367,317
frame_000218.jpg,280,229,296,238
frame_000218.jpg,379,218,392,237
frame_000218.jpg,278,200,305,217
frame_000218.jpg,328,193,347,208
frame_000218.jpg,300,159,321,175
frame_000218.jpg,353,154,368,175
frame_000218.jpg,245,152,264,175
frame_000218.jpg,333,137,347,152
frame_000218.jpg,265,53,284,76
frame_000218.jpg,358,11,375,33
frame_000218.jpg,250,3,266,17
frame_000218.jpg,339,0,353,5
frame_000218.jpg,289,0,311,23
frame_000220.jpg,369,450,386,470
frame_000220.jpg,266,399,278,416
frame_000220.jpg,367,373,385,387
frame_000220.jpg,350,315,365,328
frame_000220.jpg,282,239,292,248
frame_000220.jpg,381,230,390,249
frame_000220.jpg,280,208,305,225
frame_000220.jpg,331,203,345,220
frame_000220.jpg,303,166,318,183
frame_000220.jpg,355,163,365,184
frame_000220.jpg,247,161,261,185
frame_000220.jpg,266,61,283,82
frame_000220.jpg,291,13,302,31
frame_000220.jpg,252,11,264,26
frame_000220.jpg,360,0,377,9
frame_000220.jpg,337,0,352,12
frame_000222.jpg,370,465,388,480
frame_000222.jpg,266,411,277,428
frame_000222.jpg,368,385,384,396
frame_000222.jpg,352,326,365,339
frame_000222.jpg,282,249,295,257
frame_000222.jpg,280,218,303,232
frame_000222.jpg,331,215,342,232
frame_000222.jpg,248,178,256,188
frame_000222.jpg,303,176,318,192
frame_000222.jpg,354,172,364,191
frame_000222.jpg,336,165,341,174
frame_000222.jpg,267,67,282,88
frame_000222.jpg,362,31,375,54
frame_000222.jpg,360,5,375,17
frame_000222.jpg,338,5,351,18
frame_000222.jpg,292,3,310,38
frame_000222.jpg,270,0,281,5
frame_000224.jpg,265,422,278,441
frame_000224.jpg,367,395,385,408
frame_000224.jpg,351,337,367,352
frame_000224.jpg,280,260,297,269
frame_000224.jpg,379,255,390,275
frame_000224.jpg,329,225,344,243
frame_000224.jpg,278,224,305,241
frame_000224.jpg,301,183,320,201
frame_000224.jpg,248,182,257,199
frame_000224.jpg,352,180,366,202
frame_000224.jpg,334,175,344,191
frame_000224.jpg,265,73,283,96
frame_000224.jpg,361,38,377,65
frame_000224.jpg,250,25,265,42
frame_000224.jpg,291,21,306,47
frame_000224.jpg,336,11,375,29
frame_000224.jpg,301,10,309,16
frame_000224.jpg,261,0,281,14
frame_000226.jpg,267,435,278,452
frame_000226.jpg,367,407,384,420
frame_000226.jpg,352,350,366,363
frame_000226.jpg,282,270,292,279
frame_000226.jpg,328,239,342,254
frame_000226.jpg,280,235,304,250
frame_000226.jpg,303,193,318,210
frame_000226.jpg,245,193,259,216
frame_000226.jpg,352,190,365,207
frame_000226.jpg,334,187,343,201
frame_000226.jpg,266,80,282,101
frame_000226.jpg,252,34,263,47
frame_000226.jpg,358,24,375,37
frame_000226.jpg,291,22,310,54
frame_000226.jpg,338,20,353,33
frame_000226.jpg,261,4,280,22
frame_000226.jpg,388,0,400,5
frame_000228.jpg,265,447,279,464
frame_000228.jpg,368,417,385,431
frame_000228.jpg,352,361,368,376
frame_000228.jpg,379,281,390,300
frame_000228.jpg,281,280,297,291
frame_000228.jpg,326,249,345,266
frame_000228.jpg,278,242,303,260
frame_000228.jpg,244,203,261,225
frame_000228.jpg,302,200,319,219
frame_000228.jpg,333,199,344,216
frame_000228.jpg,351,198,366,217
frame_000228.jpg,265,86,284,108
frame_000228.jpg,363,60,377,86
frame_000228.jpg,249,40,260,50
frame_000228.jpg,292,29,313,63
frame_000228.jpg,338,25,374,48
frame_000228.jpg,260,9,282,30
frame_000228.jpg,386,0,403,15
frame_000230.jpg,267,460,278,477
frame_000230.jpg,368,430,385,443
frame_000230.jpg,352,373,367,387
frame_000230.jpg,379,294,388,313
frame_000230.jpg,281,291,296,301
frame_000230.jpg,326,261,342,277
frame_000230.jpg,278,251,303,267
frame_000230.jpg,333,213,342,228
frame_000230.jpg,243,213,260,236
frame_000230.jpg,304,210,319,227
frame_000230.jpg,352,207,365,225
frame_000230.jpg,265,95,284,115
frame_000230.jpg,362,70,376,97
frame_000230.jpg,250,48,263,64
frame_000230.jpg,356,43,373,58
frame_000230.jpg,292,37,312,70
frame_000230.jpg,338,35,353,48
frame_000230.jpg,260,16,280,39
frame_000230.jpg,387,7,402,24
frame_000232.jpg,266,472,278,480
frame_000232.jpg,368,440,384,455
frame_000232.jpg,352,386,367,399
frame_000232.jpg,282,302,295,311
frame_000232.jpg,326,274,341,289
frame_000232.jpg,277,261,302,276
frame_000232.jpg,332,225,341,240
frame_000232.jpg,243,225,258,246
frame_000232.jpg,304,220,319,237
frame_000232.jpg,351,215,364,234
frame_000232.jpg,266,100,283,121
frame_000232.jpg,364,82,377,107
frame_000232.jpg,292,62,303,77
frame_000232.jpg,251,56,259,65
frame_000232.jpg,356,54,373,67
frame_000232.jpg,339,43,354,56
frame_000232.jpg,260,22,279,48
frame_000232.jpg,386,17,401,32
frame_000234.jpg,369,452,385,466
frame_000234.jpg,353,398,368,412
frame_000234.jpg,379,319,388,336
frame_000234.jpg,282,313,288,323
frame_000234.jpg,326,285,342,302
frame_000234.jpg,277,271,303,285
frame_000234.jpg,330,238,341,254
frame_000234.jpg,241,235,260,257
frame_000234.jpg,303,228,319,247
frame_000234.jpg,349,224,365,243
frame_000234.jpg,265,106,285,128
frame_000234.jpg,363,91,379,111
frame_000234.jpg,355,63,373,77
frame_000234.jpg,248,63,262,80
frame_000234.jpg,291,55,317,84
frame_000234.jpg,339,50,355,65
frame_000234.jpg,260,27,282,58
frame_000234.jpg,385,25,401,41
frame_000236.jpg,370,465,385,478
frame_000236.jpg,354,411,368,424
frame_000236.jpg,379,335,388,351
frame_000236.jpg,283,324,291,331
frame_000236.jpg,326,298,339,314
frame_000236.jpg,277,280,302,293
frame_000236.jpg,331,255,339,265
frame_000236.jpg,243,247,256,268
frame_000236.jpg,304,239,320,254
frame_000236.jpg,350,234,362,251
frame_000236.jpg,267,114,282,135
frame_000236.jpg,365,104,376,127
frame_000236.jpg,355,74,372,87
frame_000236.jpg,293,66,314,94
frame_000236.jpg,339,58,354,71
frame_000236.jpg,266,50,279,65
frame_000236.jpg,386,36,400,51
frame_000236.jpg,267,36,279,44
frame_000238.jpg,354,424,367,435
frame_000238.jpg,285,336,295,343
frame_000238.jpg,326,310,337,326
frame_000238.jpg,278,289,302,302
frame_000238.jpg,242,258,256,279
frame_000238.jpg,304,248,319,263
frame_000238.jpg,351,243,362,260
frame_000238.jpg,268,122,281,143
frame_000238.jpg,366,115,377,134
frame_000238.jpg,355,84,370,96
frame_000238.jpg,250,82,260,95
frame_000238.jpg,294,79,314,103
frame_000238.jpg,340,66,354,78
frame_000238.jpg,265,59,278,74
frame_000238.jpg,386,47,399,60
frame_000238.jpg,267,44,278,51
frame_000240.jpg,353,434,368,448
frame_000240.jpg,325,321,338,338
frame_000240.jpg,276,297,301,312
frame_000240.jpg,303,257,320,274
frame_000240.jpg,349,252,362,271
frame_000240.jpg,365,130,378,149
frame_000240.jpg,267,128,282,151
frame_000240.jpg,354,94,371,109
frame_000240.jpg,293,94,313,108
frame_000240.jpg,250,90,260,103
frame_000240.jpg,300,84,307,91
frame_000240.jpg,340,73,355,88
frame_000240.jpg,264,69,280,85
frame_000240.jpg,385,55,400,70
frame_000240.jpg,258,47,270,56
frame_000242.jpg,352,448,369,461
frame_000242.jpg,322,335,339,350
frame_000242.jpg,274,307,303,320
frame_000242.jpg,249,291,256,300
frame_000242.jpg,303,267,320,282
frame_000242.jpg,347,262,364,279
frame_000242.jpg,366,136,378,159
frame_000242.jpg,265,136,284,157
frame_000242.jpg,352,105,371,117
frame_000242.jpg,248,99,259,111
frame_000242.jpg,300,96,317,114
frame_000242.jpg,339,83,356,96
frame_000242.jpg,263,79,280,93
frame_000242.jpg,384,65,401,80
frame_000242.jpg,258,54,280,66
frame_000244.jpg,353,459,369,474
frame_000244.jpg,376,386,384,397
frame_000244.jpg,283,369,290,379
frame_000244.jpg,322,346,339,363
frame_000244.jpg,275,316,301,332
frame_000244.jpg,329,306,337,319
frame_000244.jpg,239,289,256,313
frame_000244.jpg,303,275,321,294
frame_000244.jpg,349,271,363,290
frame_000244.jpg,366,146,380,172
frame_000244.jpg,266,143,283,166
frame_000244.jpg,352,115,371,129
frame_000244.jpg,246,105,260,122
frame_000244.jpg,292,104,319,130
frame_000244.jpg,339,90,356,105
frame_000244.jpg,263,88,280,103
frame_000244.jpg,383,74,400,91
frame_000244.jpg,257,59,277,74
frame_000244.jpg,324,0,344,13
frame_000246.jpg,354,473,369,480
frame_000246.jpg,288,380,296,387
frame_000246.jpg,322,361,337,374
frame_000246.jpg,275,326,300,339
frame_000246.jpg,329,319,338,332
frame_000246.jpg,240,301,254,324
frame_000246.jpg,304,287,320,302
frame_000246.jpg,349,279,360,300
frame_000246.jpg,267,150,282,172
frame_000246.jpg,352,126,369,139
frame_000246.jpg,294,115,318,138
frame_000246.jpg,341,99,358,112
frame_000246.jpg,264,97,279,112
frame_000246.jpg,385,85,398,100
frame_000246.jpg,258,68,276,79
frame_000248.jpg,376,415,387,433
frame_000248.jpg,282,391,297,401
frame_000248.jpg,320,371,337,387
frame_000248.jpg,275,335,300,351
frame_000248.jpg,328,332,339,347
frame_000248.jpg,238,313,253,336
frame_000248.jpg,303,296,320,313
frame_000248.jpg,348,288,360,310
frame_000248.jpg,367,169,380,192
frame_000248.jpg,267,159,283,181
frame_000248.jpg,351,136,369,151
frame_000248.jpg,295,124,318,145
frame_000248.jpg,246,123,260,140
frame_000248.jpg,341,108,358,122
frame_000248.jpg,262,106,279,123
frame_000248.jpg,383,95,399,111
frame_000248.jpg,257,74,278,89
frame_000248.jpg,324,0,345,22
frame_000248.jpg,249,0,261,17
frame_000250.jpg,376,429,385,446
frame_000250.jpg,283,404,296,411
frame_000250.jpg,321,386,336,399
frame_000250.jpg,275,344,300,359
frame_000250.jpg,304,307,320,322
frame_000250.jpg,350,300,359,319
frame_000250.jpg,267,166,280,187
frame_000250.jpg,352,148,367,161
frame_000250.jpg,295,141,306,157
frame_000250.jpg,247,134,258,147
frame_000250.jpg,342,117,356,129
frame_000250.jpg,263,117,278,132
frame_000250.jpg,384,106,398,121
frame_000250.jpg,258,82,269,92
frame_000250.jpg,327,9,337,19
frame_000252.jpg,375,442,385,463
frame_000252.jpg,319,397,336,413
frame_000252.jpg,326,359,337,372
frame_000252.jpg,273,354,300,369
frame_000252.jpg,235,335,254,360
frame_000252.jpg,303,316,321,333
frame_000252.jpg,349,308,360,331
frame_000252.jpg,367,191,383,217
frame_000252.jpg,265,172,281,197
frame_000252.jpg,349,159,367,173
frame_000252.jpg,293,143,320,168
frame_000252.jpg,245,143,259,158
frame_000252.jpg,261,127,278,143
frame_000252.jpg,342,125,359,139
frame_000252.jpg,383,115,399,132
frame_000252.jpg,324,19,330,30
frame_000252.jpg,247,18,261,33
frame_000252.jpg,334,10,346,24
frame_000252.jpg,257,0,275,10
frame_000254.jpg,374,457,384,474
frame_000254.jpg,282,426,296,437
frame_000254.jpg,319,409,336,426
frame_000254.jpg,326,373,336,389
frame_000254.jpg,274,364,300,379
frame_000254.jpg,235,348,252,369
frame_000254.jpg,304,327,321,344
frame_000254.jpg,349,319,360,340
frame_000254.jpg,367,202,382,228
frame_000254.jpg,265,181,282,205
frame_000254.jpg,349,169,368,184
frame_000254.jpg,294,154,320,176
frame_000254.jpg,245,151,258,166
frame_000254.jpg,261,137,278,154
frame_000254.jpg,342,133,359,147
frame_000254.jpg,383,127,398,143
frame_000254.jpg,256,96,267,108
frame_000254.jpg,249,25,260,42
frame_000254.jpg,323,15,346,36
frame_000254.jpg,259,0,277,14
frame_000256.jpg,375,469,385,480
frame_000256.jpg,280,436,299,449
frame_000256.jpg,319,421,335,439
frame_000256.jpg,273,373,299,390
frame_000256.jpg,235,366,245,378
frame_000256.jpg,303,337,321,353
frame_000256.jpg,348,328,361,351
frame_000256.jpg,367,213,383,239
frame_000256.jpg,265,189,281,213
frame_000256.jpg,349,180,367,196
frame_000256.jpg,292,164,321,186
frame_000256.jpg,243,160,257,176
frame_000256.jpg,261,147,278,164
frame_000256.jpg,342,143,359,157
frame_000256.jpg,383,137,398,153
frame_000256.jpg,255,103,271,117
frame_000256.jpg,249,33,260,51
frame_000256.jpg,323,21,342,42
frame_000256.jpg,258,2,279,21
frame_000258.jpg,318,436,333,451
frame_000258.jpg,326,403,334,416
frame_000258.jpg,274,384,297,399
frame_000258.jpg,306,348,321,363
frame_000258.jpg,350,342,359,360
frame_000258.jpg,368,227,382,245
frame_000258.jpg,266,198,279,221
frame_000258.jpg,350,192,365,205
frame_000258.jpg,303,176,321,193
frame_000258.jpg,245,171,255,182
frame_000258.jpg,262,159,277,172
frame_000258.jpg,343,153,358,164
frame_000258.jpg,384,148,398,163
frame_000258.jpg,255,113,274,124
frame_000258.jpg,327,32,336,40
frame_000258.jpg,260,9,277,26
frame_000260.jpg,281,463,298,474
frame_000260.jpg,315,447,334,465
frame_000260.jpg,272,392,298,411
frame_000260.jpg,232,383,253,408
frame_000260.jpg,304,357,323,376
frame_000260.jpg,348,351,359,372
frame_000260.jpg,367,239,385,263
frame_000260.jpg,263,206,281,230
frame_000260.jpg,348,202,367,217
frame_000260.jpg,294,184,317,206
frame_000260.jpg,243,177,259,193
frame_000260.jpg,259,168,277,185
frame_000260.jpg,342,160,361,175
frame_000260.jpg,383,159,399,176
frame_000260.jpg,252,120,273,132
frame_000260.jpg,247,50,261,69
frame_000260.jpg,324,31,347,53
frame_000260.jpg,260,15,279,33
frame_000262.jpg,283,475,296,480
frame_000262.jpg,316,462,333,477
frame_000262.jpg,326,431,335,446
frame_000262.jpg,272,404,297,421
frame_000262.jpg,234,396,250,417
frame_000262.jpg,305,368,322,385
frame_000262.jpg,348,361,359,382
frame_000262.jpg,368,250,385,275
frame_000262.jpg,265,215,282,237
frame_000262.jpg,348,213,365,228
frame_000262.jpg,297,195,323,216
frame_000262.jpg,243,188,256,203
frame_000262.jpg,260,179,277,195
frame_000262.jpg,344,170,361,185
frame_000262.jpg,382,169,398,186
frame_000262.jpg,253,128,274,139
frame_000262.jpg,249,60,260,76
frame_000262.jpg,326,38,345,57
frame_000262.jpg,261,21,280,40
frame_000262.jpg,358,0,374,12
frame_000264.jpg,323,475,334,480
frame_000264.jpg,324,447,334,462
frame_000264.jpg,272,415,298,431
frame_000264.jpg,233,406,249,432
frame_000264.jpg,305,379,321,397
frame_000264.jpg,348,370,359,393
frame_000264.jpg,368,262,385,287
frame_000264.jpg,348,225,365,240
frame_000264.jpg,265,223,282,246
frame_000264.jpg,295,204,324,225
frame_000264.jpg,242,188,276,212
frame_000264.jpg,381,181,397,197
frame_000264.jpg,345,179,361,193
frame_000264.jpg,252,135,273,149
frame_000264.jpg,249,69,261,84
frame_000264.jpg,323,43,348,63
frame_000264.jpg,261,29,279,47
frame_000264.jpg,355,0,391,21
frame_000266.jpg,272,426,296,441
frame_000266.jpg,234,423,246,442
frame_000266.jpg,307,390,322,405
frame_000266.jpg,348,383,357,401
frame_000266.jpg,349,237,364,250
frame_000266.jpg,265,233,280,254
frame_000266.jpg,297,217,322,236
frame_000266.jpg,260,202,274,215
frame_000266.jpg,382,192,396,206
frame_000266.jpg,345,190,360,203
frame_000266.jpg,254,143,272,156
frame_000266.jpg,263,37,280,52
frame_000266.jpg,376,4,389,19
frame_000268.jpg,271,434,297,452
frame_000268.jpg,231,433,249,457
frame_000268.jpg,305,400,324,417
frame_000268.jpg,346,392,359,415
frame_000268.jpg,369,289,385,303
frame_000268.jpg,347,246,364,262
frame_000268.jpg,265,239,282,263
frame_000268.jpg,295,224,323,249
frame_000268.jpg,258,210,275,228
frame_000268.jpg,380,201,398,219
frame_000268.jpg,344,197,361,213
frame_000268.jpg,263,156,273,165
frame_000268.jpg,248,86,259,103
frame_000268.jpg,261,42,282,61
frame_000268.jpg,355,13,389,40
frame_000270.jpg,268,447,296,463
frame_000270.jpg,231,447,249,470
frame_000270.jpg,305,410,324,429
frame_000270.jpg,345,404,358,426
frame_000270.jpg,370,298,386,325
frame_000270.jpg,347,259,365,273
frame_000270.jpg,264,247,281,273
frame_000270.jpg,295,234,321,256
frame_000270.jpg,239,226,256,243
frame_000270.jpg,257,223,275,239
frame_000270.jpg,380,213,397,231
frame_000270.jpg,345,208,362,223
frame_000270.jpg,251,159,273,174
frame_000270.jpg,248,95,260,113
frame_000270.jpg,324,59,348,81
frame_000270.jpg,262,49,283,69
frame_000270.jpg,356,21,391,49
frame_000270.jpg,348,0,364,8
frame_000272.jpg,231,464,240,478
frame_000272.jpg,269,458,295,473
frame_000272.jpg,306,423,324,440
frame_000272.jpg,345,415,357,436
frame_000272.jpg,371,310,385,336
frame_000272.jpg,346,271,364,286
frame_000272.jpg,263,257,281,282
frame_000272.jpg,296,247,324,270
frame_000272.jpg,241,237,254,253
frame_000272.jpg,259,233,276,250
frame_000272.jpg,381,225,396,241
frame_000272.jpg,344,218,362,232
frame_000272.jpg,251,166,273,181
frame_000272.jpg,250,103,261,121
frame_000272.jpg,324,66,347,87
frame_000272.jpg,262,56,283,74
frame_000272.jpg,356,32,389,59
frame_000272.jpg,344,0,363,17
frame_000274.jpg,269,468,296,480
frame_000274.jpg,305,434,324,451
frame_000274.jpg,344,426,357,448
frame_000274.jpg,345,283,363,298
frame_000274.jpg,262,266,281,290
frame_000274.jpg,296,255,323,282
frame_000274.jpg,242,247,250,255
frame_000274.jpg,257,244,273,262
frame_000274.jpg,381,236,397,254
frame_000274.jpg,345,227,362,244
frame_000274.jpg,251,176,273,190
frame_000274.jpg,247,114,258,124
frame_000274.jpg,324,72,347,93
frame_000274.jpg,262,63,283,81
frame_000274.jpg,356,42,390,68
frame_000274.jpg,344,12,363,29
frame_000274.jpg,316,0,333,14
frame_000276.jpg,306,445,325,462
frame_000276.jpg,344,435,356,459
frame_000276.jpg,372,335,387,362
frame_000276.jpg,344,294,363,310
frame_000276.jpg,297,270,304,279
frame_000276.jpg,306,265,316,284
frame_000276.jpg,239,256,281,301
frame_000276.jpg,379,248,396,266
frame_000276.jpg,346,239,363,253
frame_000276.jpg,249,181,272,199
frame_000276.jpg,247,123,261,142
frame_000276.jpg,324,80,348,97
frame_000276.jpg,263,70,284,88
frame_000276.jpg,355,52,390,79
frame_000276.jpg,342,23,364,40
frame_000276.jpg,316,5,333,26
frame_000278.jpg,305,457,325,474
frame_000278.jpg,343,448,356,470
frame_000278.jpg,373,348,388,375
frame_000278.jpg,343,306,363,321
frame_000278.jpg,312,297,322,305
frame_000278.jpg,297,277,317,296
frame_000278.jpg,239,266,281,309
frame_000278.jpg,379,259,397,277
frame_000278.jpg,347,247,364,263
frame_000278.jpg,248,192,271,208
frame_000278.jpg,247,131,259,149
frame_000278.jpg,325,83,345,106
frame_000278.jpg,265,79,285,97
frame_000278.jpg,355,62,390,88
frame_000278.jpg,344,33,363,49
frame_000278.jpg,315,16,333,36
frame_000278.jpg,262,0,279,8
frame_000280.jpg,306,468,325,480
frame_000280.jpg,343,458,355,480
frame_000280.jpg,372,361,389,387
frame_000280.jpg,343,319,361,335
frame_000280.jpg,297,288,321,318
frame_000280.jpg,239,276,282,319
frame_000280.jpg,379,272,396,289
frame_000280.jpg,347,257,364,273
frame_000280.jpg,247,199,271,215
frame_000280.jpg,247,141,259,160
frame_000280.jpg,323,89,349,111
frame_000280.jpg,265,86,284,105
frame_000280.jpg,355,72,389,97
frame_000280.jpg,343,44,364,63
frame_000280.jpg,316,28,333,48
frame_000280.jpg,261,0,284,12
frame_000282.jpg,345,471,354,480
frame_000282.jpg,374,380,381,389
frame_000282.jpg,343,331,360,346
frame_000282.jpg,299,299,321,328
frame_000282.jpg,257,290,280,327
frame_000282.jpg,240,288,252,303
frame_000282.jpg,380,285,395,300
frame_000282.jpg,349,269,365,283
frame_000282.jpg,247,210,270,223
frame_000282.jpg,248,151,257,168
frame_000282.jpg,326,98,349,117
frame_000282.jpg,266,93,285,111
frame_000282.jpg,360,86,366,98
frame_000282.jpg,375,83,389,100
frame_000282.jpg,345,57,362,73
frame_000282.jpg,317,41,333,59
frame_000282.jpg,356,0,378,10
frame_000282.jpg,262,0,284,15
frame_000284.jpg,375,388,388,413
frame_000284.jpg,343,344,360,359
frame_000284.jpg,257,303,280,336
frame_000284.jpg,379,297,394,312
frame_000284.jpg,348,279,364,292
frame_000284.jpg,249,219,268,232
frame_000284.jpg,328,104,348,123
frame_000284.jpg,266,102,285,119
frame_000284.jpg,375,94,388,109
frame_000284.jpg,346,69,358,81
frame_000284.jpg,317,53,332,70
frame_000284.jpg,356,7,377,20
frame_000284.jpg,263,4,280,16
frame_000286.jpg,375,401,391,426
frame_000286.jpg,341,355,359,372
frame_000286.jpg,299,321,323,352
frame_000286.jpg,379,308,395,325
frame_000286.jpg,239,307,281,346
frame_000286.jpg,348,289,365,303
frame_000286.jpg,248,226,269,241
frame_000286.jpg,245,171,255,188
frame_000286.jpg,326,111,349,129
frame_000286.jpg,267,111,287,127
frame_000286.jpg,354,106,371,129
frame_000286.jpg,375,102,389,120
frame_000286.jpg,344,79,364,96
frame_000286.jpg,316,64,333,84
frame_000286.jpg,355,18,378,32
frame_000286.jpg,259,7,284,32
frame_000288.jpg,375,415,394,440
frame_000288.jpg,341,369,360,385
frame_000288.jpg,298,332,324,366
frame_000288.jpg,378,320,395,337
frame_000288.jpg,236,319,281,357
frame_000288.jpg,348,298,365,314
frame_000288.jpg,246,235,269,251
frame_000288.jpg,246,181,257,198
frame_000288.jpg,266,117,287,135
frame_000288.jpg,326,114,389,139
frame_000288.jpg,316,76,333,94
frame_000288.jpg,354,28,378,45
frame_000288.jpg,259,10,285,44
frame_000290.jpg,376,428,390,451
frame_000290.jpg,341,381,358,395
frame_000290.jpg,299,344,324,374
frame_000290.jpg,255,338,279,366
frame_000290.jpg,378,334,393,349
frame_000290.jpg,350,311,365,325
frame_000290.jpg,248,245,265,259
frame_000290.jpg,355,128,370,148
frame_000290.jpg,268,127,287,144
frame_000290.jpg,375,125,389,141
frame_000290.jpg,330,125,345,137
frame_000290.jpg,344,103,361,119
frame_000290.jpg,317,88,332,105
frame_000290.jpg,355,41,378,54
frame_000290.jpg,259,20,284,54
frame_000292.jpg,374,439,391,465
frame_000292.jpg,339,394,358,409
frame_000292.jpg,298,356,325,385
frame_000292.jpg,255,351,280,377
frame_000292.jpg,378,345,395,362
frame_000292.jpg,236,341,252,359
frame_000292.jpg,349,319,366,336
frame_000292.jpg,246,255,267,271
frame_000292.jpg,245,202,254,212
frame_000292.jpg,354,135,389,160
frame_000292.jpg,267,134,288,152
frame_000292.jpg,326,130,350,150
frame_000292.jpg,342,112,362,129
frame_000292.jpg,315,99,332,118
frame_000292.jpg,355,52,379,65
frame_000292.jpg,258,25,285,65
frame_000294.jpg,378,455,391,476
frame_000294.jpg,340,408,356,421
frame_000294.jpg,255,363,279,386
frame_000294.jpg,378,359,393,374
frame_000294.jpg,237,353,250,368
frame_000294.jpg,350,332,365,345
frame_000294.jpg,247,213,256,226
frame_000294.jpg,375,147,388,162
frame_000294.jpg,268,143,287,160
frame_000294.jpg,330,141,342,156
frame_000294.jpg,344,127,361,140
frame_000294.jpg,316,112,331,128
frame_000294.jpg,356,65,377,76
frame_000294.jpg,268,64,283,77
frame_000294.jpg,261,36,283,55
frame_000296.jpg,339,421,356,434
frame_000296.jpg,301,381,314,392
frame_000296.jpg,254,373,280,396
frame_000296.jpg,378,372,393,387
frame_000296.jpg,237,365,249,378
frame_000296.jpg,350,342,365,357
frame_000296.jpg,246,273,265,288
frame_000296.jpg,354,160,369,181
frame_000296.jpg,375,158,388,173
frame_000296.jpg,269,152,288,168
frame_000296.jpg,344,137,361,153
frame_000296.jpg,316,124,333,141
frame_000296.jpg,357,77,373,87
frame_000296.jpg,267,76,282,89
frame_000296.jpg,269,49,283,61
frame_000296.jpg,260,41,269,51
frame_000298.jpg,339,433,356,447
frame_000298.jpg,299,390,325,417
frame_000298.jpg,377,384,393,401
frame_000298.jpg,253,383,280,407
frame_000298.jpg,235,374,249,391
frame_000298.jpg,351,353,367,368
frame_000298.jpg,244,282,267,299
frame_000298.jpg,245,231,256,249
frame_000298.jpg,353,171,370,193
frame_000298.jpg,374,168,389,185
frame_000298.jpg,269,159,289,177
frame_000298.jpg,327,148,361,172
frame_000298.jpg,315,135,332,153
frame_000298.jpg,266,88,284,100
frame_000298.jpg,355,86,380,99
frame_000298.jpg,259,47,285,72
frame_000300.jpg,339,448,354,461
frame_000300.jpg,302,407,309,418
frame_000300.jpg,378,399,392,413
frame_000300.jpg,254,394,280,416
frame_000300.jpg,237,388,248,401
frame_000300.jpg,351,366,366,378
frame_000300.jpg,354,183,369,202
frame_000300.jpg,375,180,388,195
frame_000300.jpg,271,170,288,185
frame_000300.jpg,316,150,331,165
frame_000300.jpg,267,101,282,112
frame_000300.jpg,260,53,269,64
frame_000302.jpg,337,461,354,475
frame_000302.jpg,315,423,328,449
frame_000302.jpg,300,415,317,431
frame_000302.jpg,377,410,393,427
frame_000302.jpg,253,404,280,429
frame_000302.jpg,235,395,250,414
frame_000302.jpg,351,377,367,391
frame_000302.jpg,244,303,264,320
frame_000302.jpg,374,191,389,207
frame_000302.jpg,271,177,292,195
frame_000302.jpg,315,161,369,214
frame_000302.jpg,266,112,283,124
frame_000302.jpg,355,111,380,125
frame_000302.jpg,258,56,285,87
frame_000302.jpg,370,0,389,10
frame_000302.jpg,289,0,316,7
frame_000304.jpg,336,472,353,480
frame_000304.jpg,301,426,328,453
frame_000304.jpg,375,421,394,441
frame_000304.jpg,251,415,281,441
frame_000304.jpg,232,407,250,425
frame_000304.jpg,351,386,368,401
frame_000304.jpg,243,309,265,328
frame_000304.jpg,245,262,257,282
frame_000304.jpg,373,200,389,218
frame_000304.jpg,323,200,335,208
frame_000304.jpg,271,185,291,205
frame_000304.jpg,314,173,370,225
frame_000304.jpg,265,125,282,137
frame_000304.jpg,354,122,381,137
frame_000304.jpg,255,63,285,97
frame_000304.jpg,367,3,389,20
frame_000304.jpg,286,0,305,17
frame_000306.jpg,376,437,391,452
frame_000306.jpg,253,426,279,454
frame_000306.jpg,235,421,248,437
frame_000306.jpg,352,399,367,413
frame_000306.jpg,245,321,262,337
frame_000306.jpg,353,217,362,228
frame_000306.jpg,375,213,388,228
frame_000306.jpg,271,196,289,213
frame_000306.jpg,315,182,360,214
frame_000306.jpg,265,137,283,149
frame_000306.jpg,358,135,380,147
frame_000306.jpg,258,69,269,83
frame_000306.jpg,368,14,389,30
frame_000306.jpg,286,12,303,27
frame_000306.jpg,290,0,313,12
frame_000308.jpg,300,452,330,480
frame_000308.jpg,375,449,391,467
frame_000308.jpg,251,434,282,467
frame_000308.jpg,235,432,249,449
frame_000308.jpg,351,411,369,426
frame_000308.jpg,241,329,263,350
frame_000308.jpg,245,286,257,302
frame_000308.jpg,342,209,388,246
frame_000308.jpg,271,204,292,223
frame_000308.jpg,314,191,351,217
frame_000308.jpg,265,150,282,164
frame_000308.jpg,255,75,283,112
frame_000308.jpg,367,23,389,41
frame_000308.jpg,285,23,303,40
frame_000308.jpg,289,4,314,18
frame_000310.jpg,322,474,330,480
frame_000310.jpg,303,465,319,480
frame_000310.jpg,376,464,391,480
frame_000310.jpg,251,447,280,480
frame_000310.jpg,234,444,247,459
frame_000310.jpg,352,424,369,435
frame_000310.jpg,245,346,254,355
frame_000310.jpg,374,236,387,251
frame_000310.jpg,342,224,367,259
frame_000310.jpg,272,214,291,231
frame_000310.jpg,315,198,350,228
frame_000310.jpg,266,163,282,174
frame_000310.jpg,357,160,380,171
frame_000310.jpg,266,107,283,120
frame_000310.jpg,256,83,271,104
frame_000310.jpg,286,36,303,49
frame_000310.jpg,368,33,387,49
frame_000310.jpg,289,10,311,21
frame_000312.jpg,252,475,263,480
frame_000312.jpg,264,458,278,480
frame_000312.jpg,234,456,247,471
frame_000312.jpg,353,436,370,447
frame_000312.jpg,241,353,256,364
frame_000312.jpg,352,248,367,270
frame_000312.jpg,374,247,387,262
frame_000312.jpg,344,240,355,248
frame_000312.jpg,273,224,292,239
frame_000312.jpg,316,205,349,240
frame_000312.jpg,264,176,280,187
frame_000312.jpg,361,173,373,180
frame_000312.jpg,256,95,264,103
frame_000312.jpg,285,48,302,61
frame_000312.jpg,368,43,385,60
frame_000312.jpg,288,16,310,25
frame_000314.jpg,235,471,240,480
frame_000314.jpg,264,469,278,480
frame_000314.jpg,353,448,369,459
frame_000314.jpg,245,319,253,334
frame_000314.jpg,375,259,388,274
frame_000314.jpg,344,251,360,267
frame_000314.jpg,315,237,332,254
frame_000314.jpg,274,234,293,249
frame_000314.jpg,332,213,350,235
frame_000314.jpg,264,189,281,201
frame_000314.jpg,359,185,373,192
frame_000314.jpg,270,124,277,132
frame_000314.jpg,255,98,270,114
frame_000314.jpg,285,58,302,73
frame_000314.jpg,368,53,384,72
frame_000314.jpg,289,20,311,31
frame_000316.jpg,354,460,369,471
frame_000316.jpg,241,375,260,388
frame_000316.jpg,245,330,254,345
frame_000316.jpg,375,271,388,286
frame_000316.jpg,341,263,366,293
frame_000316.jpg,316,251,331,266
frame_000316.jpg,274,242,293,259
frame_000316.jpg,333,221,349,243
frame_000316.jpg,265,202,280,213
frame_000316.jpg,357,197,379,208
frame_000316.jpg,256,105,269,126
frame_000316.jpg,285,70,300,85
frame_000316.jpg,368,63,384,82
frame_000316.jpg,287,25,310,37
frame_000318.jpg,353,470,371,480
frame_000318.jpg,239,383,260,401
frame_000318.jpg,243,339,256,358
frame_000318.jpg,372,281,389,297
frame_000318.jpg,340,276,364,307
frame_000318.jpg,314,263,332,281
frame_000318.jpg,275,251,295,269
frame_000318.jpg,332,230,351,254
frame_000318.jpg,264,214,281,227
frame_000318.jpg,356,208,381,222
frame_000318.jpg,265,140,284,155
frame_000318.jpg,255,111,271,133
frame_000318.jpg,284,81,301,97
frame_000318.jpg,367,73,384,94
frame_000318.jpg,288,34,296,41
frame_000320.jpg,241,395,250,405
frame_000320.jpg,245,353,253,368
frame_000320.jpg,352,302,360,311
frame_000320.jpg,375,294,388,309
frame_000320.jpg,315,278,330,293
frame_000320.jpg,276,263,293,278
frame_000320.jpg,265,229,280,238
frame_000320.jpg,358,223,379,234
frame_000320.jpg,268,152,278,159
frame_000320.jpg,285,95,300,108
frame_000320.jpg,368,86,384,103
frame_000322.jpg,375,306,389,321
frame_000322.jpg,341,304,360,325
frame_000322.jpg,315,291,330,306
frame_000322.jpg,275,272,294,287
frame_000322.jpg,334,251,343,262
frame_000322.jpg,264,241,281,251
frame_000322.jpg,357,236,380,247
frame_000322.jpg,266,160,281,173
frame_000322.jpg,254,128,269,148
frame_000322.jpg,284,106,301,120
frame_000322.jpg,368,95,383,114
frame_000324.jpg,241,416,257,433
frame_000324.jpg,244,376,252,391
frame_000324.jpg,351,328,363,342
frame_000324.jpg,374,318,389,333
frame_000324.jpg,341,316,350,326
frame_000324.jpg,314,304,330,319
frame_000324.jpg,275,281,295,297
frame_000324.jpg,264,256,281,265
frame_000324.jpg,357,249,380,261
frame_000324.jpg,265,169,282,182
frame_000324.jpg,254,136,268,156
frame_000324.jpg,284,119,301,133
frame_000324.jpg,367,107,384,125
frame_000326.jpg,240,427,257,445
frame_000326.jpg,244,388,252,403
frame_000326.jpg,373,331,389,346
frame_000326.jpg,339,329,359,344
frame_000326.jpg,314,317,331,334
frame_000326.jpg,275,291,296,308
frame_000326.jpg,334,270,350,280
frame_000326.jpg,262,268,281,280
frame_000326.jpg,357,261,380,273
frame_000326.jpg,265,177,283,192
frame_000326.jpg,253,143,269,165
frame_000326.jpg,283,130,302,145
frame_000326.jpg,367,116,383,138
frame_000326.jpg,283,53,302,64
frame_000328.jpg,341,344,359,358
frame_000328.jpg,374,343,389,358
frame_000328.jpg,315,331,330,346
frame_000328.jpg,277,302,296,317
frame_000328.jpg,263,282,280,293
frame_000328.jpg,358,275,379,286
frame_000328.jpg,332,274,350,295
frame_000328.jpg,265,189,276,200
frame_000328.jpg,284,143,300,157
frame_000328.jpg,366,128,381,148
frame_000328.jpg,283,61,305,70
frame_000330.jpg,239,448,256,470
frame_000330.jpg,242,409,254,428
frame_000330.jpg,338,356,365,380
frame_000330.jpg,373,355,389,372
frame_000330.jpg,312,343,330,362
frame_000330.jpg,276,310,297,329
frame_000330.jpg,262,294,281,306
frame_000330.jpg,357,287,382,301
frame_000330.jpg,336,284,351,299
frame_000330.jpg,263,195,282,209
frame_000330.jpg,251,159,268,177
frame_000330.jpg,282,153,301,170
frame_000330.jpg,364,137,382,159
frame_000330.jpg,281,66,308,77
frame_000332.jpg,240,460,254,480
frame_000332.jpg,243,423,252,438
frame_000332.jpg,342,371,364,392
frame_000332.jpg,375,368,388,383
frame_000332.jpg,314,359,331,374
frame_000332.jpg,278,321,297,337
frame_000332.jpg,263,309,280,319
frame_000332.jpg,359,302,372,310
frame_000332.jpg,332,291,351,307
frame_000332.jpg,265,208,278,218
frame_000332.jpg,283,168,300,182
frame_000332.jpg,252,167,267,186
frame_000332.jpg,367,150,381,169
frame_000332.jpg,282,73,304,82
frame_000334.jpg,239,470,252,480
frame_000334.jpg,242,434,253,452
frame_000334.jpg,339,383,365,406
frame_000334.jpg,373,381,389,397
frame_000334.jpg,313,370,332,389
frame_000334.jpg,262,323,297,349
frame_000334.jpg,357,314,381,329
frame_000334.jpg,329,300,353,321
frame_000334.jpg,263,216,282,231
frame_000334.jpg,283,177,301,195
frame_000334.jpg,251,175,268,197
frame_000334.jpg,367,160,381,183
frame_000334.jpg,281,76,305,90
frame_000334.jpg,292,0,303,14
frame_000336.jpg,244,448,252,463
frame_000336.jpg,340,397,364,417
frame_000336.jpg,374,394,389,409
frame_000336.jpg,314,385,331,401
frame_000336.jpg,264,337,299,359
frame_000336.jpg,357,328,375,339
frame_000336.jpg,332,312,352,328
frame_000336.jpg,283,192,300,207
frame_000336.jpg,251,183,266,204
frame_000336.jpg,366,172,379,193
frame_000336.jpg,371,0,385,5
frame_000336.jpg,292,0,303,23
frame_000336.jpg,262,0,272,5
frame_000336.jpg,241,0,251,7
frame_000338.jpg,242,458,253,477
frame_000338.jpg,351,409,365,431
frame_000338.jpg,373,405,390,423
frame_000338.jpg,313,399,331,416
frame_000338.jpg,263,351,298,369
frame_000338.jpg,357,342,380,355
frame_000338.jpg,262,235,281,250
frame_000338.jpg,281,206,300,220
frame_000338.jpg,249,191,266,213
frame_000338.jpg,365,183,380,205
frame_000338.jpg,278,90,305,103
frame_000338.jpg,292,7,304,33
frame_000338.jpg,380,0,394,6
frame_000338.jpg,345,0,362,8
frame_000338.jpg,319,0,333,13
frame_000338.jpg,258,0,273,15
frame_000338.jpg,235,0,253,17
frame_000340.jpg,340,429,350,438
frame_000340.jpg,373,420,388,435
frame_000340.jpg,314,415,331,430
frame_000340.jpg,262,363,299,380
frame_000340.jpg,357,356,380,368
frame_000340.jpg,332,329,352,348
frame_000340.jpg,264,247,278,260
frame_000340.jpg,282,219,300,232
frame_000340.jpg,250,200,261,214
frame_000340.jpg,365,195,380,216
frame_000340.jpg,280,98,303,108
frame_000340.jpg,292,18,303,43
frame_000340.jpg,322,7,329,16
frame_000340.jpg,373,6,392,21
frame_000340.jpg,260,6,271,24
frame_000340.jpg,234,5,252,27
frame_000340.jpg,345,0,361,17
frame_000342.jpg,356,439,363,448
frame_000342.jpg,373,433,388,448
frame_000342.jpg,314,429,331,445
frame_000342.jpg,262,374,299,391
frame_000342.jpg,362,371,379,382
frame_000342.jpg,282,231,299,246
frame_000342.jpg,250,209,265,229
frame_000342.jpg,364,208,381,227
frame_000342.jpg,278,104,303,115
frame_000342.jpg,291,28,303,53
frame_000342.jpg,233,15,252,36
frame_000342.jpg,320,14,335,33
frame_000342.jpg,345,13,361,29
frame_000344.jpg,338,449,364,470
frame_000344.jpg,373,447,389,461
frame_000344.jpg,314,442,331,458
frame_000344.jpg,262,385,300,405
frame_000344.jpg,331,348,353,367
frame_000344.jpg,281,244,298,260
frame_000344.jpg,361,221,381,239
frame_000344.jpg,249,217,265,238
frame_000344.jpg,277,112,302,122
frame_000344.jpg,291,38,304,62
frame_000344.jpg,257,27,271,43
frame_000344.jpg,233,26,253,47
frame_000344.jpg,343,24,360,40
frame_000344.jpg,320,24,335,45
frame_000344.jpg,371,20,394,41
frame_000344.jpg,380,0,399,8
frame_000346.jpg,341,470,350,477
frame_000346.jpg,373,460,388,473
frame_000346.jpg,314,458,330,473
frame_000346.jpg,263,408,278,419
frame_000346.jpg,281,395,300,411
frame_000346.jpg,332,360,352,375
frame_000346.jpg,264,278,279,290
frame_000346.jpg,282,258,298,271
frame_000346.jpg,362,234,381,249
frame_000346.jpg,291,50,302,73
frame_000346.jpg,258,36,271,53
frame_000346.jpg,234,36,251,57
frame_000346.jpg,344,35,359,50
frame_000346.jpg,374,27,384,37
frame_000346.jpg,381,0,402,13
frame_000348.jpg,373,473,388,480
frame_000348.jpg,314,471,332,480
frame_000348.jpg,262,421,279,433
frame_000348.jpg,360,415,376,424
frame_000348.jpg,281,406,300,423
frame_000348.jpg,332,368,355,385
frame_000348.jpg,263,289,275,303
frame_000348.jpg,281,271,298,286
frame_000348.jpg,362,245,381,262
frame_000348.jpg,248,235,263,255
frame_000348.jpg,278,124,295,134
frame_000348.jpg,291,59,302,84
frame_000348.jpg,258,51,265,59
frame_000348.jpg,322,49,336,64
frame_000348.jpg,379,48,394,62
frame_000348.jpg,343,47,359,63
frame_000348.jpg,233,47,252,69
frame_000348.jpg,374,34,384,44
frame_000348.jpg,381,0,403,19
frame_000348.jpg,249,0,265,8
frame_000350.jpg,263,437,278,448
frame_000350.jpg,358,430,372,439
frame_000350.jpg,282,417,301,433
frame_000350.jpg,264,299,273,310
frame_000350.jpg,280,285,297,299
frame_000350.jpg,361,257,380,273
frame_000350.jpg,248,244,263,265
frame_000350.jpg,277,131,300,144
frame_000350.jpg,291,69,302,93
frame_000350.jpg,322,62,330,73
frame_000350.jpg,379,58,394,72
frame_000350.jpg,233,58,252,79
frame_000350.jpg,343,57,358,73
frame_000350.jpg,257,57,269,71
frame_000350.jpg,374,41,391,54
frame_000350.jpg,382,4,401,25
frame_000350.jpg,248,0,265,18
frame_000352.jpg,262,450,277,463
frame_000352.jpg,282,428,301,444
frame_000352.jpg,280,299,296,312
frame_000352.jpg,362,269,379,286
frame_000352.jpg,249,253,262,273
frame_000352.jpg,277,139,287,148
frame_000352.jpg,291,81,302,105
frame_000352.jpg,323,70,336,91
frame_000352.jpg,234,70,251,90
frame_000352.jpg,343,69,358,84
frame_000352.jpg,257,66,270,83
frame_000352.jpg,248,12,265,29
frame_000352.jpg,382,9,401,32
frame_000352.jpg,248,0,262,9
frame_000354.jpg,263,464,277,480
frame_000354.jpg,283,439,302,456
frame_000354.jpg,333,398,354,415
frame_000354.jpg,264,321,274,331
frame_000354.jpg,280,313,297,327
frame_000354.jpg,360,282,378,299
frame_000354.jpg,248,262,256,275
frame_000354.jpg,278,144,290,157
frame_000354.jpg,290,92,302,114
frame_000354.jpg,323,82,336,103
frame_000354.jpg,380,81,389,91
frame_000354.jpg,343,81,358,96
frame_000354.jpg,233,81,253,100
frame_000354.jpg,256,79,264,89
frame_000354.jpg,375,55,392,68
frame_000354.jpg,248,24,265,41
frame_000354.jpg,382,16,401,39
frame_000354.jpg,247,0,262,15
frame_000356.jpg,284,451,303,468
frame_000356.jpg,334,408,353,425
frame_000356.jpg,263,326,296,345
frame_000356.jpg,360,294,379,311
frame_000356.jpg,247,272,260,291
frame_000356.jpg,277,151,296,170
frame_000356.jpg,289,101,302,126
frame_000356.jpg,324,94,337,112
frame_000356.jpg,343,92,358,107
frame_000356.jpg,231,92,252,111
frame_000356.jpg,380,90,393,103
frame_000356.jpg,256,87,269,104
frame_000356.jpg,376,63,393,76
frame_000356.jpg,248,34,265,53
frame_000356.jpg,382,22,401,45
frame_000356.jpg,247,5,262,21
frame_000356.jpg,314,0,328,13
frame_000358.jpg,285,463,305,480
frame_000358.jpg,335,416,353,439
frame_000358.jpg,261,338,298,358
frame_000358.jpg,360,306,380,325
frame_000358.jpg,245,279,262,304
frame_000358.jpg,274,158,296,177
frame_000358.jpg,287,114,304,138
frame_000358.jpg,321,103,338,128
frame_000358.jpg,341,102,360,121
frame_000358.jpg,229,102,253,122
frame_000358.jpg,384,100,395,113
frame_000358.jpg,255,96,270,116
frame_000358.jpg,374,68,394,85
frame_000358.jpg,248,47,265,65
frame_000358.jpg,383,27,400,52
frame_000358.jpg,246,9,264,29
frame_000358.jpg,311,4,328,24
